nhom,tieu_de,anh,noi_dung
3,💳Chuyển khoản Quân,img/CK-Quan.png,"Dạ cho em gửi thông tin chuyển khoản ạ
🏦Techcombank
💳19032119926025
👤HKD Harry Perfume"
3,💳Chuyển khoản Hà,img/CK-Ha.png,"Dạ cho em gửi thông tin chuyển khoản ạ
🏦Techcombank
💳1962717580
👤NGUYEN THI VAN HA"
3,ℹ️Xin thông tin Khách,,"Anh/Chị ưng mẫu này cho em xin:
+👤Tên người nhận
+📞Số điện thoại
+🏠Địa chỉ nhận hàng
Để em lên đơn cho mình ạ"
3,🧾Xác nhận Đơn Hàng - Việt,,"Cho em xác nhận lại đơn hàng ạ:
📦Sản phẩm: 
➊ 
➋ 
➌ 
➍ 
➎ 
➏ 
➐ 
➑ 
➒ 

🛵Phí ship: 
💵Tổng: 
💳Phương thức thanh toán: 
⏰Thời gian nhận hàng:
📝Ghi chú: 
➖➖➖➖➖➖➖➖
👤Tên: 
📞Số điện thoại: 
🏠Địa chỉ: 
➖➖➖➖➖➖➖➖
‼Lưu ý: Với đơn ship COD, mình *KHÔNG được bóc seal* trước khi thanh toán ạ, Harry Perfume xin cám ơn ^^
➖➖➖➖➖➖➖➖
🛡Chính sách bảo hành bên Harry Perfume ạ: https://harryperfume.vn/chinh-sach"
3,🧾Xác nhận Đơn Hàng - English,,"Harry Perfume confirm the order:
📦Product: 
➊ 
➋ 
➌ 
➍ 
➎ 
➏ 
➐ 
➑ 
➒ 

🛵Shipping fee: 
💵Price: 
💳Payment method: 
⏰Ship at: 12h - 15h 23/12/2025
📝Note: 
➖➖➖➖➖➖➖➖
👤Name: 
📞Phone No.: 
🏠Address: 
➖➖➖➖➖➖➖➖
‼Note: For COD orders, you cannot open the seal before payment. Thank you, Harry Perfume ^^
➖➖➖➖➖➖➖➖
🛡Guarranty policy at Harry Perfume: https://harryperfume.vn/chinh-sach"
5,👤Kết bạn Zalo,,Cửa hàng Harry Perfume xin chào! Tiệm thơm gửi lời mời kết bạn để cung cấp những Khuyến Mãi & Quà Tặng mà Harry Perfume đang triển khai ạ. Xin cảm ơn!
5,🎂Chúc Mừng Sinh Nhật,,"Kính gửi bạn!

Chúc mừng sinh nhật bạn ạ 💕 Chúc bạn tuổi mới nhiều sức khoẻ, hạnh phúc vs thành công hơn.  Cảm ơn bạn đã luôn tin tưởng và đồng hành với Tiệm trong thời gian qua.
Chúng tôi rất vui được chào đón bạn đến với Tiệm Nước Hoa Chiết Authentic của chúng tôi. Nhân dịp đặc biệt này, chúng tôi xin gửi đến bạn món quà nhỏ: một 🎫Phiếu Giảm Giá 5️⃣% cho lần mua sắm tiếp theo. Hy vọng bạn sẽ tìm thấy hương thơm yêu thích của mình để làm bừng sáng thêm ngày sinh nhật này! 🎂

Thân ái,
Harry Perfume"
5,🗺️Địa chỉ + Google Maps,,"Dạ mình cứ ghé Cửa hàng Harry Perfume từ 9g30 đến 21g30
📌 345/5B Trần Hưng Đạo, phường Cầu Ông Lãnh, Thành phố Hồ Chí Minh để trải nghiệm trực tiếp sản phẩm ạ.
(Địa chỉ cũ: 345/5B Trần Hưng Đạo, phường Cầu Kho, Quận 1)
https://maps.app.goo.gl/zAL5JQsv2zTV6JnFA"
5,⭐Uy tín bán hàng,,"Bên shop mình chỉ bán hàng thật chính hãng có xuất bill, cam kết hoàn tiền và đền x3 nếu hàng giả. Website có đăng ký bộ công thương và đăng ký thuế Quận 1, TP.HCM ạ
➖➖➖➖➖➖➖➖
🛡Chính sách bảo hành bên Harry Perfume ạ: https://harryperfume.vn/chinh-sach"
5,🛡️Chính Sách Bảo Hành,,"- Cùng với cam kết bán hàng chính hãng, HarryPerfume.vn cam kết hoàn tiền và bồi thường nếu Khách Hàng chứng minh HarryPerfume.vn bán hàng giả.
- Sản phẩm nước hoa sẽ được bảo hành mùi hương trong vòng 10 ngày tại của hàng Harry Perfume.

Điều kiện bảo hành:
- Có hóa đơn bán hàng trong thời hạn 10 ngày tính từ ngày in trên phiếu.
- Sản phẩm còn nguyên vẹn không bể, nứt, trầy xước, không hao hụt quá 5% nước trong chai, không bị tác động can thiệp bên ngoài, sản phẩm còn tem chống giả, còn hộp nguyên vẹn không móp, rách, trầy xước.
- Khách hàng đã sử dụng và bảo quản đúng theo hướng dẫn.
- Sản phẩm là nước hoa có vòi xịt cố định trên chai.

🛡️https://harryperfume.vn/chinh-sach"
5,🧾Xuất hóa đơn,img/Tai Khoan Xuat Hoa Don.png,"Thông báo & Hướng dẫn v/v: Khách lẻ có nhu cầu lấy hoá đơn VAT.

B1: Thông báo với khách 
- Cty xuất hoá đơn là Cty phân phối nước hoa, ko cùng hệ thống của Harry Perfume.
- Giá trị thể hiện trên hoá đơn sẽ trùng với giá trị khách mua, nhưng sẽ khác tên sản phẩm.

B2: Yêu cầu khách thanh toán thêm 8% hoặc 10% (tuỳ thời điểm a thông báo) trên tổng giá trị hoá đơn (Sau chiết khấu).

B3: Gửi hoá đơn nháp cho khách kiểm tra trước khi xuất VAT

B4: Gửi mã QR, tài khoản cty để thanh toán (với hoá đơn trên 5tr bắt buộc chuyển khoản vào tài khoản cty)"
4,Mua 2️⃣ Tặng 1️⃣,,"Chương trình Mua 1 Tặng 1 vào mỗi thứ Hai hằng tuần (áp dụng cho khách mua trực tiếp tại cửa hàng hoặc mua Online )
➖➖➖➖➖➖➖➖
✅Khi khách mua 2 chai chiết 10ml với hóa đơn trên 500k sẽ được *Tặng 1* chai chiết 5ml khách tự chọn (không áp dụng với hàng Niche)
✅Khi khách mua 1 chai chiết 20ml với hóa đơn trên 500k sẽ được *Tặng 1* chai chiết 10ml khách tự chọn (không áp dụng với hàng Niche)"
4,🚚Freeship,,"- Với hóa đơn trên 1 triệu freeship Hỏa Tốc các Quận 1, Quận 3, Quận 4, Q.Phú Nhuận
- Các đơn nằm ngoài khu vực trên thì freeship 4 tiếng hoặc ship GHTK / Viettel Post"
4,🏷️Chương trình khác,,"*HARRY PERFUME* có các chương trình như:
➖➖➖➖➖➖➖➖
💝 *TẶNG chiết 10ml Designer tùy chọn* khi mua 1 chiết 20ml hoặc 2 chiết 10ml thứ Hai hàng tuần.
💝 *TẶNG chiết 10ml Designer tùy chọn* khi tích đủ 8 dấu trên thẻ.
💝 *TẶNG chiết 5ml Designer tùy chọn* khi mua Fullbox trên 60ml và trên 1 triệu
💝 *TẶNG hộp quà* khi hóa đơn trên 2.5 triệu
(Những chương trình phía trên không áp dụng với chương trình SALE khác)
➖➖➖➖➖➖➖➖
🏷️ *GIẢM 5% hóa đơn trong tháng sinh nhật* (không giới hạn số lượng)
🛵 *FREESHIP* với hóa đơn trên 1 triệu (không áp dụng ship Hỏa tốc)"
4,Lưu ý nước hoa Skinscent,,"Dạ em lưu ý mình dòng Skinscent tỏa hương rất nhẹ, mùi nằm sát trên da nên không lan xa, thường người đứng gần mới ngửi rõ. Hợp với ai thích mùi tự nhiên, tinh tế. Ngoài ra độ tỏa và lưu hương còn tùy cơ địa mỗi người nên cảm nhận có thể khác nhau ạ."
